"Article","Image Path"
"https://laptrinhx.com/apt-group-sends-spear-phishing-emails-to-indian-government-officials-2034192743/","images/apt-india-gov-fig1.png"
"https://www.fireeye.com/blog/threat-research/2013/10/know-your-enemy-tracking-a-rapidly-evolving-apt-actor.html","images/admin338-phish.jpg"
"https://www.fireeye.com/blog/threat-research/2019/04/spear-phishing-campaign-targets-ukraine-government.html","images/Picture1.png"
"https://threatpost.com/chinese-apt-sepulcher-malware-phishing-attacks/158871/","images/Sepulcher-malware-2.png"
"https://securelist.com/nettraveler-apt-gets-a-makeover-for-10th-birthday/66272/","images/NetTraveler_1.jpg"
"https://blog.trendmicro.com/trendlabs-security-intelligence/another-tibetan-themed-malware-email-campaign-targeting-windows-and-macs/","images/tibetan1.jpg"
"https://www.cyren.com/solutions/ransomware-protection","images/locky-email.png"
"https://securelist.com/personalized-spam-and-phishing/78101/",""
"https://www.kaspersky.com/blog/fake-voicemail-spam/28727/",""
"https://isc.sans.edu/forums/diary/Recent+Dridex+activity/25944/",""
"https://isc.sans.edu/diary/Recent+Dridex+activity/19687",""
"",""
"",""
"",""
"",""
"",""
"",""
"",""
"",""
"",""
"",""
"",""
"",""
"",""
"",""
"",""
"",""
"",""
"",""
"",""
"",""
"",""
"",""
"",""
"",""
"",""
"",""
"",""
"",""
"",""
"",""
"",""
"",""
"",""
"",""
"",""
"",""
"",""
"",""
"",""
"",""
"",""
"",""
"",""
"",""
"",""
"",""
"",""
"",""
"",""
"",""
"",""
"",""
"",""
"",""
"",""
"",""
"",""
"",""
"",""
"",""
"",""
"",""
"",""
"",""
"",""
"",""
"",""
"",""
"",""
"",""
"",""
"",""
"",""
"",""
"",""
"",""
"",""
"",""
"",""
"",""
"",""
"",""
"",""
"",""
"",""
"",""
"",""
"",""